{"cameraMode":{"drawMode":0,"name":"Shaded","section":"Shading Mode"},"sceneLighting":true,"audioPlay":false,"sceneViewState":{"showFog":true,"showMaterialUpdate":true,"showSkybox":false,"showFlares":true,"showImageEffects":true,"showParticleSystems":true},"in2DMode":false,"pivot":{"x":23.703054428100587,"y":-9.796175956726075,"z":11.002992630004883},"rotation":{"x":0.1210535392165184,"y":0.8724566698074341,"z":-0.27304959297180178,"w":0.3867942690849304},"size":43.10834503173828,"orthographic":false}